{"ft": {"ft": 1, "in": 12.0, "cm": 30.48, "m": 0.3048, "km": 0.0003048, "mi": 0.0001893939}, "in": {"ft": 0.0833333333, "in": 1, "cm": 2.54, "m": 0.0254, "km": 2.54e-05, "mi": 1.57828e-05}, "cm": {"ft": 0.032808399, "in": 0.3937007874, "cm": 1, "m": 0.01, "km": 1e-05, "mi": 6.2137e-06}, "m": {"ft": 3.280839895, "in": 39.3700787402, "cm": 100.0, "m": 1, "km": 0.001, "mi": 0.0006213712}, "km": {"ft": 3280.8398950131, "in": 39370.0787401575, "cm": 100000.0, "m": 1000.0, "km": 1, "mi": 0.6213711922}, "mi": {"ft": 5280.0, "in": 63360.0, "cm": 160934.4, "m": 1609.344, "km": 1.609344, "mi": 1}}