{"s": {"s": 1, "ms": 1000.0, "ns": 999999999.9999999, "minutes": 0.0166666667, "hours": 0.0002777778, "days": 1.15741e-05, "weeks": 1.6534e-06, "months": 3.805e-07, "years": 3.17e-08, "centuries": 3e-10}, "ms": {"s": 0.001, "ms": 1, "ns": 1000000.0, "minutes": 1.66667e-05, "hours": 2.778e-07, "days": 1.16e-08, "weeks": 1.7e-09, "months": 4e-10, "years": 0.0, "centuries": 0.0}, "ns": {"s": 1e-09, "ms": 1e-06, "ns": 1, "minutes": 0.0, "hours": 0.0, "days": 0.0, "weeks": 0.0, "months": 0.0, "years": 0.0, "centuries": 0.0}, "minutes": {"s": 60.0, "ms": 60000.0, "ns": 60000000000.0, "minutes": 1, "hours": 0.0166666667, "days": 0.0006944444, "weeks": 9.92063e-05, "months": 2.28311e-05, "years": 1.9026e-06, "centuries": 1.9e-08}, "hours": {"s": 3600.0, "ms": 3599999.9999999995, "ns": 3600000000000.0, "minutes": 60.0, "hours": 1, "days": 0.0416666667, "weeks": 0.005952381, "months": 0.001369863, "years": 0.0001141553, "centuries": 1.1416e-06}, "days": {"s": 86400.0, "ms": 86399999.99999999, "ns": 86400000000000.0, "minutes": 1440.0, "hours": 24.0, "days": 1, "weeks": 0.1428571429, "months": 0.0328767123, "years": 0.002739726, "centuries": 2.73973e-05}, "weeks": {"s": 604800.0, "ms": 604800000.0, "ns": 604800000000000.0, "minutes": 10080.0, "hours": 168.0, "days": 7.0, "weeks": 1, "months": 0.2301369863, "years": 0.0191780822, "centuries": 0.0001917808}, "months": {"s": 2628000.0, "ms": 2627999999.9999995, "ns": 2627999999999999.5, "minutes": 43800.0, "hours": 730.0, "days": 30.4166666667, "weeks": 4.3452380952, "months": 1, "years": 0.0833333333, "centuries": 0.0008333333}, "years": {"s": 31536000.0, "ms": 31535999999.999992, "ns": 3.1536e+16, "minutes": 525600.0000000001, "hours": 8760.0, "days": 365.0, "weeks": 52.1428571429, "months": 12.0, "years": 1, "centuries": 0.01}, "centuries": {"s": 3153600000.0, "ms": 3153599999999.9995, "ns": 3.1536e+18, "minutes": 52560000.00000001, "hours": 876000.0, "days": 36500.0, "weeks": 5214.2857142857, "months": 1200.0, "years": 100.0, "centuries": 1}}